# 初始化模拟用户信息
INSERT INTO user (user_id, user_nickname, user_password, user_mbti)
VALUES ('u1', 'user1', 'abc', 'INTJ'),
       ('u2', 'user2', 'abc', 'INTP'),
       ('u3', 'user3', 'abc', 'ENTJ'),
       ('u4', 'user4', 'abc', 'ENTP'),
       ('u5', 'user5', 'abc', 'ISTJ'),
       ('u6', 'user6', 'abc', 'ISTP'),
       ('u7', 'user7', 'abc', 'ESTJ'),
       ('u8', 'user8', 'abc', 'ESTP'),
       ('u9', 'user9', 'abc', 'INFJ'),
       ('u10', 'user10', 'abc', 'INFP'),
       ('u11', 'user10', 'abc', 'ENFJ'),
       ('u12', 'user10', 'abc', 'ENFP'),
       ('u13', 'user10', 'abc', 'ISFJ'),
       ('u14', 'user10', 'abc', 'ISFP'),
       ('u15', 'user10', 'abc', 'ESFJ'),
       ('u16', 'user10', 'abc', 'ESFP'),
       ('u17', 'user10', 'abc', 'NONE'),
       ('u18', 'user10', 'abc', 'NONE'),
       ('u19', 'user10', 'abc', 'NONE'),
       ('u20', 'user10', 'abc', 'NONE');

# 舒适化模拟帖子信息
INSERT INTO post (post_id, post_title, post_time, post_user_id, post_content,
                  post_watch, post_like, post_collect, post_share)
VALUES (1, '帖子1', '2024-04-01 12:00:00', 'u1', '这是一个帖子', 10, 10, 10,
        10),
       (2, '帖子2', '2024-04-02 12:00:00', 'u2', '这是一个帖子', 20, 20, 20,
        20),
       (3, '帖子3', '2024-04-03 12:00:00', 'u3', '这是一个帖子', 30, 30, 30,
        30),
       (4, '帖子4', '2024-04-04 12:00:00', 'u4', '这是一个帖子', 40, 40, 40,
        40),
       (5, '帖子5', '2024-04-05 12:00:00', 'u5', '这是一个帖子', 50, 50, 50,
        50),
       (6, '帖子6', '2024-04-06 12:00:00', 'u6', '这是一个帖子', 60, 60, 60,
        60),
       (7, '帖子7', '2024-04-07 12:00:00', 'u7', '这是一个帖子', 70, 70, 70,
        70),
       (8, '帖子8', '2024-04-08 12:00:00', 'u8', '这是一个帖子', 80, 80, 80,
        80),
       (9, '帖子9', '2024-04-09 12:00:00', 'u9', '这是一个帖子', 90, 90, 90,
        90),
       (10, '帖子10', '2024-04-10 12:00:00', 'u10', '这是一个帖子', 100, 100,
        100, 100),
       (11, '帖子11', '2024-04-11 12:00:00', 'u6', '这是一个帖子', 110, 110,
        110, 110),
       (12, '帖子12', '2024-04-12 12:00:00', 'u7', '这是一个帖子', 120, 120,
        120, 120),
       (13, '帖子13', '2024-04-13 12:00:00', 'u8', '这是一个帖子', 130, 130,
        130, 130),
       (14, '帖子14', '2024-04-14 12:00:00', 'u9', '这是一个帖子', 140, 140,
        140, 140),
       (15, '帖子15', '2024-04-15 12:00:00', 'u10', '这是一个帖子', 150, 150,
        150, 150),
       (16, '帖子16', '2024-04-16 12:00:00', 'u11', '这是一个帖子', 160, 160,
        160, 160),
       (17, '帖子17', '2024-04-17 12:00:00', 'u12', '这是一个帖子', 170, 170,
        170, 170),
       (18, '帖子18', '2024-04-18 12:00:00', 'u13', '这是一个帖子', 180, 180,
        180, 180),
       (19, '帖子19', '2024-04-19 12:00:00', 'u14', '这是一个帖子', 190, 190,
        190, 190),
       (200, '帖子10', '2024-04-20 12:00:00', 'u15', '这是一个帖子', 200, 200,
        200, 200);

# 初始化MBTI介绍信息
INSERT INTO mbti_intro (mbti_type, mbti_intro)
VALUES ('INTJ',
        'INTJ是分析型问题解决者，他们渴望用创新的思想改进系统和流程。他们擅长发现改进的可能性，无论是在工作中、家庭中还是自己身上。'),
       ('INTP',
        'INTP是哲学型创新者，对逻辑分析、系统和设计着迷。他们专注于理论，并寻找一切现象背后的普遍法则。他们希望理解生活中的统一主题，以及其中所有的复杂性。'),
       ('ENTJ',
        'ENTJ是战略型领导者，他们积极推动变革。他们很快发现效率低下，并构想出新的解决方案，喜欢制定长期计划来实现他们的愿景。他们擅长逻辑推理，通常口齿伶俐、机智敏捷。'),
       ('ENTP',
        'ENTP是受启发的创新者，他们积极寻找智力挑战性问题的新解决方案。他们充满好奇心和聪明才智，寻求理解围绕在他们周围的人、系统和原则。'),
       ('INFJ',
        'INFJ是具有强烈个人诚信感和帮助他人实现潜力的驱动力的创造性培育者。富有创造力和奉献精神，他们有一种帮助他人应对个人挑战的原创解决方案的才能。'),
       ('INFP',
        'INFP是富有想象力的理想主义者，受他们自己核心价值观和信念的指导。对于治愈者来说，可能性至关重要；眼下的现实只是短暂的关注点。他们看到了一个更美好未来的可能性，并用自己独特的风格追求真理和意义。'),
       ('ENFJ',
        'ENFJ是理想主义的组织者，他们驱使着将自己对人类最好的愿景付诸实施。由于他们能够看到他人潜力并且具有说服他人接受自己想法的魅力，他们经常充当人类成长的催化剂。'),
       ('ENFP',
        'ENFP是以人为中心的创造者，专注于可能性，并对新想法、人和活动充满了传染性的热情。充满活力、温暖而充满激情，ENFPs 喜欢帮助其他人探索他们的创造潜力。'),
       ('ISTJ',
        'ISTJ是负责任的组织者，他们驱使着在系统和机构内创造和执行秩序。他们内外整洁有序，并倾向于对所有做事情都有一套程序。'),
       ('ISFJ',
        'ISFJ是勤劳的照顾者，忠于传统和组织。他们务实、富有同情心和关爱心，积极为他人提供帮助并保护他们免受生活的危险。'),
       ('ESTJ',
        'ESTJ是勤奋的传统主义者，渴望在组织项目和人员方面承担责任。他们有序、遵纪守法、尽责，喜欢完成任务，并倾向于以系统化、有条理的方式进行项目。'),
       ('ESFJ',
        'ESFJ是尽责的帮助者，对他人的需求敏感，并充满热情地致力于自己的责任。他们高度关注自己的情感环境，关心他人的感受以及他人对他们的看法。'),
       ('ISTP',
        'ISTP是观察力强的艺术家，具有对机械的理解和解决问题的兴趣。他们以灵活的逻辑方式处理环境，寻找解决当前问题的实用方案。'),
       ('ISFP',
        'ISFP是温柔的照顾者，他们活在当下，并以愉快、低调的热情享受周围的环境。他们灵活、自然，喜欢随波逐流，享受生活的乐趣。'),
       ('ESTP',
        'ESTP是充满活力的寻求刺激的人，在处理问题时表现出最佳状态，无论是字面上的还是比喻上的。他们在与他人和周围世界的互动中带来一种动态能量感。'),
       ('ESFP',
        'ESFP是充满活力的表演者，能够迷住并吸引周围的人。他们 spontaneity、充满活力和热爱乐趣，喜欢周围的事物：食物、服装、自然、动物，尤其是人。');

# 初始化模拟MBTI测试题
INSERT INTO mbti_test (mbti_test_id, mbti_test_question)
VALUES (1, '你觉得向其他人介绍自己很困难'),
       (2, '你经常沉浸在思考中，以至于忽视或忘记周围的环境'),
       (3, '你尽可能快地回复电子邮件，并且无法忍受杂乱的收件箱'),
       (4, '即使有一些压力，你发现保持放松和专注很容易'),
       (5, '你通常不会主动开始对话'),
       (6, '你很少只出于纯粹的好奇心而做某事'),
       (7, '你觉得自己比其他人优越'),
       (8, '对你来说，保持有条理比灵活适应更重要'),
       (9, '通常你是高度积极和充满活力的'),
       (10, '对你来说，确保没有人感到不快比赢得辩论更重要'),
       (11, '你很少花时间思考自己的情感'),
       (12, '你通常很难理解他人的观点'),
       (13, '在社交场合，你通常会坚持与你熟悉的人在一起'),
       (14, '你很少让自己的情绪影响你的决策'),
       (15, '你很少关心自己的外表'),
       (16, '你通常会在社交场合中引起注意'),
       (17, '你很少会主动与他人联系'),
       (18, '你很少让自己的情绪影响你的决策'),
       (19, '你很少关心自己的外表'),
       (20, '你通常会在社交场合中引起注意');
